{
    "model": "CatBoost",
    "R2": 0.8420785497599679,
    "RMSE": 3.9146057454648826,
    "MAE": 1.6002320906335403
}